x-axis,1
second,Volt
-2.500000E-09,+508.628156909253E-03
-2.492188E-09,+510.135694581550E-03
-2.484375E-09,+511.643232253846E-03
-2.476563E-09,+513.025141786784E-03
-2.468750E-09,+514.407051319722E-03
-2.460938E-09,+515.788960852660E-03
-2.453125E-09,+517.296498524957E-03
-2.445313E-09,+518.678408057895E-03
-2.437500E-09,+520.060317590833E-03
-2.429688E-09,+521.442227123771E-03
-2.421875E-09,+522.949764796067E-03
-2.414063E-09,+524.331674329005E-03
-2.406250E-09,+525.713583861944E-03
-2.398438E-09,+527.095493394882E-03
-2.390625E-09,+528.477402927820E-03
-2.382813E-09,+529.733684321400E-03
-2.375000E-09,+531.115593854338E-03
-2.367188E-09,+532.497503387277E-03
-2.359375E-09,+533.753784780857E-03
-2.351563E-09,+535.135694313795E-03
-2.343750E-09,+536.391975707375E-03
-2.335938E-09,+537.773885240313E-03
-2.328125E-09,+539.155794773251E-03
-2.320313E-09,+540.412076166832E-03
-2.312500E-09,+541.668357560412E-03
-2.304688E-09,+542.924638953992E-03
-2.296875E-09,+544.055292208214E-03
-2.289063E-09,+545.311573601794E-03
-2.281250E-09,+546.442226856016E-03
-2.273438E-09,+547.572880110238E-03
-2.265625E-09,+548.829161503819E-03
-2.257812E-09,+549.959814758041E-03
-2.250000E-09,+550.964839872905E-03
-2.242187E-09,+552.095493127127E-03
-2.234375E-09,+553.100518241991E-03
-2.226562E-09,+554.231171496213E-03
-2.218750E-09,+555.236196611077E-03
-2.210937E-09,+556.241221725941E-03
-2.203125E-09,+557.246246840805E-03
-2.195312E-09,+558.125643816312E-03
-2.187500E-09,+559.130668931176E-03
-2.179687E-09,+560.010065906682E-03
-2.171875E-09,+561.015091021546E-03
-2.164062E-09,+561.894487997052E-03
-2.156250E-09,+562.648256833200E-03
-2.148437E-09,+563.527653808706E-03
-2.140625E-09,+564.407050784212E-03
-2.132812E-09,+565.160819620360E-03
-2.125000E-09,+565.788960317151E-03
-2.117187E-09,+566.668357292657E-03
-2.109375E-09,+567.296497989447E-03
-2.101562E-09,+567.924638686237E-03
-2.093750E-09,+568.552779383027E-03
-2.085937E-09,+569.180920079817E-03
-2.078125E-09,+569.809060776607E-03
-2.070312E-09,+570.437201473397E-03
-2.062500E-09,+570.939714030829E-03
-2.054687E-09,+571.316598448903E-03
-2.046875E-09,+571.819111006335E-03
-2.039062E-09,+572.321623563767E-03
-2.031250E-09,+572.698507981841E-03
-2.023437E-09,+573.075392399915E-03
-2.015625E-09,+573.326648678631E-03
-2.007812E-09,+573.703533096705E-03
-2.000000E-09,+573.954789375421E-03
-1.992187E-09,+574.206045654137E-03
-1.984375E-09,+574.457301932853E-03
-1.976562E-09,+574.708558211569E-03
-1.968750E-09,+574.834186350927E-03
-1.960937E-09,+574.959814490285E-03
-1.953125E-09,+574.959814490285E-03
-1.945312E-09,+575.085442629643E-03
-1.937500E-09,+575.085442629643E-03
-1.929687E-09,+575.085442629643E-03
-1.921875E-09,+575.085442629643E-03
-1.914062E-09,+574.959814490285E-03
-1.906250E-09,+574.834186350927E-03
-1.898437E-09,+574.708558211569E-03
-1.890625E-09,+574.582930072210E-03
-1.882812E-09,+574.331673793494E-03
-1.875000E-09,+574.080417514778E-03
-1.867187E-09,+573.829161236062E-03
-1.859375E-09,+573.577904957346E-03
-1.851562E-09,+573.201020539272E-03
-1.843750E-09,+572.824136121198E-03
-1.835937E-09,+572.447251703124E-03
-1.828125E-09,+572.070367285050E-03
-1.820312E-09,+571.567854727618E-03
-1.812500E-09,+571.065342170185E-03
-1.804687E-09,+570.562829612753E-03
-1.796875E-09,+569.934688915963E-03
-1.789062E-09,+569.306548219173E-03
-1.781250E-09,+568.804035661741E-03
-1.773437E-09,+568.175894964951E-03
-1.765625E-09,+567.422126128803E-03
-1.757812E-09,+566.668357292655E-03
-1.750000E-09,+566.040216595864E-03
-1.742187E-09,+565.160819620358E-03
-1.734375E-09,+564.407050784210E-03
-1.726562E-09,+563.527653808704E-03
-1.718750E-09,+562.773884972556E-03
-1.710937E-09,+561.894487997050E-03
-1.703125E-09,+560.889462882186E-03
-1.695312E-09,+560.010065906679E-03
-1.687500E-09,+559.005040791816E-03
-1.679687E-09,+558.125643816309E-03
-1.671875E-09,+557.120618701445E-03
-1.664062E-09,+555.989965447223E-03
-1.656250E-09,+554.984940332359E-03
-1.648437E-09,+553.854287078137E-03
-1.640625E-09,+552.723633823914E-03
-1.632812E-09,+551.592980569693E-03
-1.625000E-09,+550.587955454828E-03
-1.617187E-09,+549.331674061248E-03
-1.609375E-09,+548.201020807026E-03
-1.601562E-09,+546.944739413446E-03
-1.593750E-09,+545.814086159224E-03
-1.585937E-09,+544.557804765643E-03
-1.578125E-09,+543.301523372063E-03
-1.570312E-09,+542.045241978483E-03
-1.562500E-09,+540.788960584903E-03
-1.554687E-09,+539.532679191323E-03
-1.546875E-09,+538.276397797743E-03
-1.539062E-09,+536.894488264805E-03
-1.531250E-09,+535.638206871224E-03
-1.523437E-09,+534.256297338286E-03
-1.515625E-09,+532.874387805348E-03
-1.507812E-09,+531.618106411768E-03
-1.500000E-09,+530.236196878830E-03
-1.492187E-09,+528.854287345892E-03
-1.484375E-09,+527.472377812953E-03
-1.476562E-09,+526.090468280015E-03
-1.468750E-09,+524.708558747077E-03
-1.460937E-09,+523.326649214139E-03
-1.453125E-09,+521.819111541843E-03
-1.445312E-09,+520.562830148263E-03
-1.437500E-09,+519.180920615325E-03
-1.429687E-09,+517.799011082386E-03
-1.421875E-09,+516.291473410090E-03
-1.414062E-09,+514.909563877152E-03
-1.406250E-09,+513.527654344214E-03
-1.398437E-09,+512.145744811276E-03
-1.390625E-09,+510.638207138980E-03
-1.382812E-09,+509.256297606041E-03
-1.375000E-09,+507.874388073103E-03
-1.367187E-09,+506.492478540165E-03
-1.359375E-09,+504.984940867869E-03
-1.351562E-09,+503.603031334931E-03
-1.343750E-09,+502.095493662635E-03
-1.335937E-09,+500.713584129696E-03
-1.328125E-09,+499.206046457401E-03
-1.320312E-09,+497.949765063820E-03
-1.312500E-09,+496.567855530882E-03
-1.304687E-09,+495.185945997944E-03
-1.296875E-09,+493.678408325648E-03
-1.289062E-09,+492.296498792710E-03
-1.281250E-09,+491.040217399130E-03
-1.273437E-09,+489.658307866191E-03
-1.265625E-09,+488.276398333253E-03
-1.257812E-09,+487.020116939673E-03
-1.250000E-09,+485.638207406735E-03
-1.242187E-09,+484.256297873797E-03
-1.234375E-09,+483.000016480217E-03
-1.226562E-09,+481.618106947279E-03
-1.218750E-09,+480.361825553698E-03
-1.210937E-09,+478.979916020760E-03
-1.203125E-09,+477.723634627180E-03
-1.195312E-09,+476.467353233600E-03
-1.187500E-09,+475.085443700662E-03
-1.179687E-09,+473.829162307082E-03
-1.171875E-09,+472.572880913502E-03
-1.164062E-09,+471.316599519922E-03
-1.156250E-09,+470.185946265699E-03
-1.148437E-09,+468.929664872119E-03
-1.140625E-09,+467.673383478539E-03
-1.132812E-09,+466.542730224317E-03
-1.125000E-09,+465.412076970095E-03
-1.117187E-09,+464.155795576515E-03
-1.109375E-09,+463.025142322293E-03
-1.101562E-09,+461.894489068071E-03
-1.093750E-09,+460.889463953207E-03
-1.085937E-09,+459.758810698985E-03
-1.078125E-09,+458.628157444763E-03
-1.070312E-09,+457.623132329898E-03
-1.062500E-09,+456.618107215034E-03
-1.054687E-09,+455.613082100170E-03
-1.046875E-09,+454.608056985306E-03
-1.039062E-09,+453.603031870442E-03
-1.031250E-09,+452.598006755578E-03
-1.023437E-09,+451.718609780072E-03
-1.015625E-09,+450.713584665208E-03
-1.007812E-09,+449.834187689702E-03
-1.000000E-09,+448.954790714196E-03
-992.187E-12,+448.075393738690E-03
-984.375E-12,+447.321624902542E-03
-976.562E-12,+446.567856066394E-03
-968.750E-12,+445.814087230246E-03
-960.937E-12,+445.060318394097E-03
-953.125E-12,+444.306549557949E-03
-945.312E-12,+443.552780721801E-03
-937.500E-12,+442.924640025011E-03
-929.687E-12,+442.170871188863E-03
-921.875E-12,+441.542730492073E-03
-914.062E-12,+441.040217934641E-03
-906.250E-12,+440.537705377209E-03
-898.437E-12,+439.909564680419E-03
-890.625E-12,+439.407052122987E-03
-882.812E-12,+438.904539565555E-03
-875.000E-12,+438.527655147481E-03
-867.187E-12,+438.025142590049E-03
-859.375E-12,+437.773886311333E-03
-851.562E-12,+437.397001893259E-03
-843.750E-12,+437.145745614543E-03
-835.937E-12,+436.894489335827E-03
-828.125E-12,+436.643233057111E-03
-820.312E-12,+436.391976778395E-03
-812.500E-12,+436.140720499679E-03
-804.687E-12,+436.140720499679E-03
-796.875E-12,+436.015092360321E-03
-789.062E-12,+435.889464220963E-03
-781.250E-12,+435.889464220963E-03
-773.437E-12,+435.889464220963E-03
-765.625E-12,+435.889464220964E-03
-757.812E-12,+436.015092360322E-03
-750.000E-12,+436.140720499680E-03
-742.187E-12,+436.266348639038E-03
-734.375E-12,+436.391976778396E-03
-726.562E-12,+436.643233057112E-03
-718.750E-12,+436.894489335828E-03
-710.937E-12,+437.271373753902E-03
-703.125E-12,+437.522630032618E-03
-695.312E-12,+437.899514450692E-03
-687.500E-12,+438.276398868766E-03
-679.687E-12,+438.778911426198E-03
-671.875E-12,+439.281423983630E-03
-664.062E-12,+439.783936541062E-03
-656.250E-12,+440.286449098495E-03
-648.437E-12,+440.914589795285E-03
-640.625E-12,+441.542730492075E-03
-632.812E-12,+442.170871188865E-03
-625.000E-12,+442.799011885655E-03
-617.187E-12,+443.552780721803E-03
-609.375E-12,+444.306549557951E-03
-601.562E-12,+445.060318394099E-03
-593.750E-12,+445.814087230247E-03
-585.937E-12,+446.693484205754E-03
-578.125E-12,+447.698509320618E-03
-570.312E-12,+448.577906296124E-03
-562.500E-12,+449.457303271630E-03
-554.687E-12,+450.462328386494E-03
-546.875E-12,+451.467353501358E-03
-539.062E-12,+452.598006755580E-03
-531.250E-12,+453.603031870445E-03
-523.437E-12,+454.733685124667E-03
-515.625E-12,+455.864338378889E-03
-507.812E-12,+456.994991633111E-03
-500.000E-12,+458.125644887333E-03
-492.187E-12,+459.381926280913E-03
-484.375E-12,+460.638207674493E-03
-476.562E-12,+461.894489068074E-03
-468.750E-12,+463.150770461654E-03
-460.937E-12,+464.407051855234E-03
-453.125E-12,+465.788961388172E-03
-445.312E-12,+467.045242781752E-03
-437.500E-12,+468.427152314690E-03
-429.687E-12,+469.809061847629E-03
-421.875E-12,+471.190971380567E-03
-414.062E-12,+472.572880913505E-03
-406.250E-12,+474.080418585801E-03
-398.437E-12,+475.462328118739E-03
-390.625E-12,+476.969865791035E-03
-382.812E-12,+478.351775323974E-03
-375.000E-12,+479.859312996270E-03
-367.187E-12,+481.366850668566E-03
-359.375E-12,+482.874388340862E-03
-351.562E-12,+484.507554152516E-03
-343.750E-12,+486.015091824813E-03
-335.937E-12,+487.648257636467E-03
-328.125E-12,+489.155795308763E-03
-320.312E-12,+490.788961120417E-03
-312.500E-12,+492.296498792713E-03
-304.687E-12,+493.929664604367E-03
-296.875E-12,+495.437202276664E-03
-289.062E-12,+497.070368088318E-03
-281.250E-12,+498.703533899972E-03
-273.437E-12,+500.336699711626E-03
-265.625E-12,+501.844237383922E-03
-257.812E-12,+503.477403195577E-03
-250.000E-12,+505.110569007231E-03
-242.187E-12,+506.743734818885E-03
-234.375E-12,+508.251272491181E-03
-226.562E-12,+509.884438302835E-03
-218.750E-12,+511.517604114490E-03
-210.937E-12,+513.150769926144E-03
-203.125E-12,+514.658307598440E-03
-195.312E-12,+516.291473410094E-03
-187.500E-12,+517.799011082390E-03
-179.687E-12,+519.432176894044E-03
-171.875E-12,+520.939714566341E-03
-164.062E-12,+522.572880377995E-03
-156.250E-12,+524.080418050291E-03
-148.437E-12,+525.713583861945E-03
-140.625E-12,+527.221121534241E-03
-132.812E-12,+528.603031067179E-03
-125.000E-12,+530.110568739475E-03
-117.187E-12,+531.618106411772E-03
-109.375E-12,+533.125644084068E-03
-101.562E-12,+534.633181756364E-03
-93.750E-12,+536.015091289302E-03
-85.937E-12,+537.397000822240E-03
-78.125E-12,+538.904538494536E-03
-70.312E-12,+540.286448027474E-03
-62.500E-12,+541.668357560413E-03
-54.687E-12,+543.050267093351E-03
-46.875E-12,+544.306548486931E-03
-39.062E-12,+545.688458019869E-03
-31.250E-12,+546.944739413449E-03
-23.437E-12,+548.201020807029E-03
-15.625E-12,+549.457302200609E-03
-7.812E-12,+550.713583594189E-03
+0.0E+00,+551.844236848412E-03
+7.813E-12,+553.100518241992E-03
+15.625E-12,+554.231171496214E-03
+23.438E-12,+555.361824750436E-03
+31.250E-12,+556.366849865300E-03
+39.063E-12,+557.497503119522E-03
+46.875E-12,+558.628156373744E-03
+54.688E-12,+559.633181488608E-03
+62.500E-12,+560.638206603472E-03
+70.313E-12,+561.643231718336E-03
+78.125E-12,+562.648256833200E-03
+85.938E-12,+563.527653808707E-03
+93.750E-12,+564.407050784213E-03
+101.563E-12,+565.286447759719E-03
+109.375E-12,+566.165844735225E-03
+117.188E-12,+567.045241710731E-03
+125.000E-12,+567.799010546879E-03
+132.813E-12,+568.552779383027E-03
+140.625E-12,+569.306548219175E-03
+148.438E-12,+569.934688915965E-03
+156.250E-12,+570.688457752113E-03
+164.063E-12,+571.316598448903E-03
+171.875E-12,+571.944739145693E-03
+179.688E-12,+572.572879842483E-03
+187.500E-12,+573.075392399915E-03
+195.313E-12,+573.577904957347E-03
+203.125E-12,+574.080417514779E-03
+210.938E-12,+574.582930072211E-03
+218.750E-12,+574.959814490285E-03
+226.563E-12,+575.336698908359E-03
+234.375E-12,+575.713583326433E-03
+242.188E-12,+576.090467744507E-03
+250.000E-12,+576.341724023223E-03
+257.813E-12,+576.592980301939E-03
+265.625E-12,+576.844236580655E-03
+273.438E-12,+577.095492859371E-03
+281.250E-12,+577.221120998729E-03
+289.063E-12,+577.346749138087E-03
+296.875E-12,+577.346749138087E-03
+304.688E-12,+577.472377277445E-03
+312.500E-12,+577.598005416803E-03
+320.313E-12,+577.598005416803E-03
+328.125E-12,+577.472377277445E-03
+335.938E-12,+577.346749138087E-03
+343.750E-12,+577.346749138087E-03
+351.563E-12,+577.221120998729E-03
+359.375E-12,+577.095492859371E-03
+367.188E-12,+576.844236580655E-03
+375.000E-12,+576.592980301939E-03
+382.813E-12,+576.341724023223E-03
+390.625E-12,+576.090467744506E-03
+398.438E-12,+575.713583326432E-03
+406.250E-12,+575.336698908358E-03
+414.063E-12,+574.959814490284E-03
+421.875E-12,+574.457301932852E-03
+429.688E-12,+573.954789375420E-03
+437.500E-12,+573.452276817988E-03
+445.313E-12,+572.949764260556E-03
+453.125E-12,+572.321623563766E-03
+460.938E-12,+571.693482866976E-03
+468.750E-12,+571.065342170186E-03
+476.563E-12,+570.437201473395E-03
+484.375E-12,+569.683432637247E-03
+492.188E-12,+568.929663801099E-03
+500.000E-12,+568.301523104309E-03
+507.813E-12,+567.422126128803E-03
+515.625E-12,+566.668357292655E-03
+523.438E-12,+565.788960317149E-03
+531.250E-12,+564.909563341643E-03
+539.063E-12,+563.904538226778E-03
+546.875E-12,+562.899513111914E-03
+554.688E-12,+562.020116136408E-03
+562.500E-12,+561.015091021544E-03
+570.313E-12,+560.010065906680E-03
+578.125E-12,+558.879412652458E-03
+585.938E-12,+557.748759398236E-03
+593.750E-12,+556.743734283372E-03
+601.563E-12,+555.613081029149E-03
+609.375E-12,+554.356799635569E-03
+617.188E-12,+553.226146381347E-03
+625.000E-12,+551.969864987767E-03
+632.813E-12,+550.713583594187E-03
+640.625E-12,+549.457302200607E-03
+648.438E-12,+548.201020807026E-03
+656.250E-12,+546.944739413446E-03
+664.063E-12,+545.562829880508E-03
+671.875E-12,+544.180920347570E-03
+679.688E-12,+542.799010814632E-03
+687.500E-12,+541.417101281694E-03
+695.313E-12,+540.035191748755E-03
+703.125E-12,+538.653282215817E-03
+710.938E-12,+537.271372682879E-03
+718.750E-12,+535.763835010583E-03
+726.563E-12,+534.381925477645E-03
+734.375E-12,+532.874387805349E-03
+742.188E-12,+531.492478272410E-03
+750.000E-12,+529.984940600114E-03
+757.813E-12,+528.351774788460E-03
+765.625E-12,+526.844237116164E-03
+773.438E-12,+525.336699443868E-03
+781.250E-12,+523.829161771571E-03
+789.063E-12,+522.195995959918E-03
+796.875E-12,+520.688458287621E-03
+804.688E-12,+519.180920615325E-03
+812.500E-12,+517.673382943029E-03
+820.313E-12,+516.040217131375E-03
+828.125E-12,+514.532679459079E-03
+835.938E-12,+512.899513647424E-03
+843.750E-12,+511.391975975128E-03
+851.563E-12,+509.758810163474E-03
+859.375E-12,+508.251272491178E-03
+867.188E-12,+506.492478540166E-03
+875.000E-12,+504.984940867870E-03
+882.813E-12,+503.351775056216E-03
+890.625E-12,+501.844237383919E-03
+898.438E-12,+500.211071572265E-03
+906.250E-12,+498.703533899969E-03
+914.063E-12,+497.070368088315E-03
+921.875E-12,+495.562830416019E-03
+929.688E-12,+494.055292743722E-03
+937.500E-12,+492.547755071426E-03
+945.313E-12,+490.914589259772E-03
+953.125E-12,+489.407051587476E-03
+960.938E-12,+487.899513915180E-03
+968.750E-12,+486.391976242883E-03
+976.563E-12,+484.758810431229E-03
+984.375E-12,+483.251272758933E-03
+992.188E-12,+481.869363225995E-03
+1.000000E-09,+480.487453693057E-03
+1.007813E-09,+478.979916020761E-03
+1.015625E-09,+477.472378348465E-03
+1.023438E-09,+476.090468815527E-03
+1.031250E-09,+474.708559282589E-03
+1.039063E-09,+473.326649749650E-03
+1.046875E-09,+471.944740216712E-03
+1.054688E-09,+470.562830683774E-03
+1.062500E-09,+469.180921150836E-03
+1.070313E-09,+467.799011617898E-03
+1.078125E-09,+466.542730224318E-03
+1.085938E-09,+465.286448830738E-03
+1.093750E-09,+464.030167437158E-03
+1.101563E-09,+462.773886043577E-03
+1.109375E-09,+461.517604649997E-03
+1.117188E-09,+460.386951395775E-03
+1.125000E-09,+459.256298141553E-03
+1.132813E-09,+458.000016747973E-03
+1.140625E-09,+456.869363493751E-03
+1.148438E-09,+455.738710239529E-03
+1.156250E-09,+454.733685124665E-03
+1.164063E-09,+453.603031870443E-03
+1.171875E-09,+452.598006755578E-03
+1.179688E-09,+451.592981640714E-03
+1.187500E-09,+450.587956525850E-03
+1.195313E-09,+449.708559550344E-03
+1.203125E-09,+448.829162574838E-03
+1.210938E-09,+447.949765599332E-03
+1.218750E-09,+447.070368623826E-03
+1.226563E-09,+446.190971648320E-03
+1.234375E-09,+445.437202812172E-03
+1.242188E-09,+444.683433976024E-03
+1.250000E-09,+443.929665139876E-03
+1.257813E-09,+443.175896303728E-03
+1.265625E-09,+442.422127467580E-03
+1.273438E-09,+441.793986770790E-03
+1.281250E-09,+441.165846074000E-03
+1.289063E-09,+440.537705377210E-03
+1.296875E-09,+440.035192819778E-03
+1.304688E-09,+439.532680262345E-03
+1.312500E-09,+439.030167704913E-03
+1.320313E-09,+438.653283286839E-03
+1.328125E-09,+438.150770729407E-03
+1.335938E-09,+437.773886311333E-03
+1.343750E-09,+437.522630032617E-03
+1.351563E-09,+437.145745614543E-03
+1.359375E-09,+436.894489335827E-03
+1.367188E-09,+436.643233057111E-03
+1.375000E-09,+436.391976778395E-03
+1.382813E-09,+436.266348639037E-03
+1.390625E-09,+436.140720499679E-03
+1.398438E-09,+436.015092360321E-03
+1.406250E-09,+436.015092360321E-03
+1.414063E-09,+436.015092360321E-03
+1.421875E-09,+436.015092360321E-03
+1.429688E-09,+436.015092360322E-03
+1.437500E-09,+436.140720499679E-03
+1.445313E-09,+436.140720499680E-03
+1.453125E-09,+436.266348639038E-03
+1.460938E-09,+436.517604917754E-03
+1.468750E-09,+436.768861196470E-03
+1.476563E-09,+437.020117475186E-03
+1.484375E-09,+437.271373753902E-03
+1.492188E-09,+437.648258171976E-03
+1.500000E-09,+437.899514450692E-03
+1.507813E-09,+438.402027008124E-03
+1.515625E-09,+438.778911426198E-03
+1.523438E-09,+439.155795844272E-03
+1.531250E-09,+439.658308401704E-03
+1.539063E-09,+440.286449098494E-03
+1.546875E-09,+440.788961655926E-03
+1.554688E-09,+441.417102352716E-03
+1.562500E-09,+441.919614910149E-03
+1.570313E-09,+442.673383746297E-03
+1.578125E-09,+443.427152582445E-03
+1.585938E-09,+444.055293279235E-03
+1.593750E-09,+444.809062115383E-03
+1.601563E-09,+445.562830951531E-03
+1.609375E-09,+446.316599787679E-03
+1.617188E-09,+447.195996763185E-03
+1.625000E-09,+448.075393738691E-03
+1.632813E-09,+448.954790714197E-03
+1.640625E-09,+449.834187689703E-03
+1.648438E-09,+450.713584665210E-03
+1.656250E-09,+451.844237919432E-03
+1.664063E-09,+452.849263034296E-03
+1.671875E-09,+453.854288149160E-03
+1.679688E-09,+454.859313264024E-03
+1.687500E-09,+455.864338378888E-03
+1.695313E-09,+456.994991633110E-03
+1.703125E-09,+458.125644887332E-03
+1.710938E-09,+459.381926280913E-03
+1.718750E-09,+460.512579535135E-03
+1.726563E-09,+461.643232789357E-03
+1.734375E-09,+462.899514182937E-03
+1.742188E-09,+464.155795576517E-03
+1.750000E-09,+465.412076970097E-03
+1.757813E-09,+466.668358363677E-03
+1.765625E-09,+467.924639757258E-03
+1.773438E-09,+469.180921150838E-03
+1.781250E-09,+470.437202544418E-03
+1.789063E-09,+471.819112077356E-03
+1.796875E-09,+473.201021610294E-03
+1.804688E-09,+474.582931143232E-03
+1.812500E-09,+475.964840676170E-03
+1.820313E-09,+477.346750209109E-03
+1.828125E-09,+478.854287881405E-03
+1.835938E-09,+480.236197414343E-03
+1.843750E-09,+481.618106947281E-03
+1.851563E-09,+483.125644619577E-03
+1.859375E-09,+484.633182291873E-03
+1.867188E-09,+486.015091824812E-03
+1.875000E-09,+487.522629497108E-03
+1.882813E-09,+489.030167169404E-03
+1.890625E-09,+490.537704841700E-03
+1.898438E-09,+492.045242513996E-03
+1.906250E-09,+493.552780186293E-03
+1.914063E-09,+495.060317858589E-03
+1.921875E-09,+496.567855530885E-03
+1.929688E-09,+498.075393203181E-03
+1.937500E-09,+499.582930875478E-03
+1.945313E-09,+501.216096687132E-03
+1.953125E-09,+502.723634359428E-03
+1.960938E-09,+504.231172031724E-03
+1.968750E-09,+505.738709704020E-03
+1.976563E-09,+507.371875515674E-03
+1.984375E-09,+508.879413187970E-03
+1.992188E-09,+510.386950860267E-03
+2.000000E-09,+511.894488532563E-03
+2.007813E-09,+513.402026204859E-03
+2.015625E-09,+514.909563877156E-03
+2.023438E-09,+516.542729688810E-03
+2.031250E-09,+518.050267361106E-03
+2.039063E-09,+519.557805033402E-03
+2.046875E-09,+521.065342705698E-03
+2.054688E-09,+522.447252238636E-03
+2.062500E-09,+523.954789910932E-03
+2.070313E-09,+525.462327583229E-03
+2.078125E-09,+526.969865255525E-03
+2.085938E-09,+528.477402927821E-03
+2.093750E-09,+529.859312460759E-03
+2.101563E-09,+531.241221993698E-03
+2.109375E-09,+532.748759665994E-03
+2.117188E-09,+534.130669198932E-03
+2.125000E-09,+535.512578731870E-03
+2.132813E-09,+536.894488264808E-03
+2.140625E-09,+538.150769658388E-03
+2.148438E-09,+539.532679191326E-03
+2.156250E-09,+540.788960584907E-03
+2.164063E-09,+542.170870117845E-03
+2.171875E-09,+543.427151511425E-03
+2.179688E-09,+544.683432905005E-03
+2.187500E-09,+545.814086159227E-03
+2.195313E-09,+547.070367552807E-03
+2.203125E-09,+548.201020807029E-03
+2.210938E-09,+549.457302200610E-03
+2.218750E-09,+550.587955454832E-03
+2.226563E-09,+551.718608709054E-03
+2.234375E-09,+552.849261963276E-03
+2.242188E-09,+553.854287078140E-03
+2.250000E-09,+554.859312193004E-03
+2.257813E-09,+555.864337307868E-03
+2.265625E-09,+556.869362422732E-03
+2.273438E-09,+557.874387537596E-03
+2.281250E-09,+558.879412652460E-03
+2.289063E-09,+559.758809627967E-03
+2.296875E-09,+560.638206603473E-03
+2.304688E-09,+561.517603578979E-03
+2.312500E-09,+562.271372415127E-03
+2.320313E-09,+563.150769390633E-03
+2.328125E-09,+563.904538226781E-03
+2.335938E-09,+564.658307062929E-03
+2.343750E-09,+565.412075899077E-03
+2.351563E-09,+566.040216595867E-03
+2.359375E-09,+566.668357292657E-03
+2.367188E-09,+567.296497989447E-03
+2.375000E-09,+567.924638686237E-03
+2.382813E-09,+568.427151243669E-03
+2.390625E-09,+568.929663801101E-03
+2.398438E-09,+569.432176358533E-03
+2.406250E-09,+569.934688915965E-03
+2.414063E-09,+570.311573334039E-03
+2.421875E-09,+570.688457752113E-03
+2.429688E-09,+571.065342170187E-03
+2.437500E-09,+571.442226588261E-03
+2.445313E-09,+571.819111006335E-03
+2.453125E-09,+572.070367285051E-03
+2.460938E-09,+572.321623563767E-03
+2.468750E-09,+572.572879842483E-03
+2.476563E-09,+572.698507981841E-03
+2.484375E-09,+572.824136121199E-03
+2.492188E-09,+572.949764260557E-03
x-axis,FFT
Hertz,dBV
+0E+00,-42.031250000E+00
+1.563E+06,-42.073242188E+00
+3.125E+06,-42.115234375E+00
+4.688E+06,-42.157226563E+00
+6.250E+06,-42.199218750E+00
+7.813E+06,-42.241210938E+00
+9.375E+06,-42.283203125E+00
+10.938E+06,-42.325195313E+00
+12.500E+06,-42.367187500E+00
+14.063E+06,-42.409179688E+00
+15.625E+06,-42.451171875E+00
+17.188E+06,-42.493164063E+00
+18.750E+06,-42.535156250E+00
+20.313E+06,-42.577148438E+00
+21.875E+06,-42.619140625E+00
+23.438E+06,-42.661132813E+00
+25.000E+06,-42.703125000E+00
+26.563E+06,-42.745117188E+00
+28.125E+06,-42.787109375E+00
+29.688E+06,-42.829101563E+00
+31.250E+06,-42.871093750E+00
+32.813E+06,-42.913085938E+00
+34.375E+06,-42.955078125E+00
+35.938E+06,-42.997070313E+00
+37.500E+06,-43.039062500E+00
+39.063E+06,-43.081054688E+00
+40.625E+06,-43.123046875E+00
+42.188E+06,-43.165039063E+00
+43.750E+06,-43.207031250E+00
+45.313E+06,-43.249023438E+00
+46.875E+06,-43.291015625E+00
+48.438E+06,-43.333007813E+00
+50.000E+06,-43.375000000E+00
+51.563E+06,-43.416992188E+00
+53.125E+06,-43.458984375E+00
+54.688E+06,-43.500976563E+00
+56.250E+06,-43.542968750E+00
+57.813E+06,-43.584960938E+00
+59.375E+06,-43.626953125E+00
+60.938E+06,-43.668945313E+00
+62.500E+06,-43.710937500E+00
+64.063E+06,-43.761718750E+00
+65.625E+06,-43.812500000E+00
+67.188E+06,-43.863281250E+00
+68.750E+06,-43.914062500E+00
+70.313E+06,-43.964843750E+00
+71.875E+06,-44.015625000E+00
+73.438E+06,-44.066406250E+00
+75.000E+06,-44.117187500E+00
+76.563E+06,-44.167968750E+00
+78.125E+06,-44.218750000E+00
+79.688E+06,-44.269531250E+00
+81.250E+06,-44.320312500E+00
+82.813E+06,-44.371093750E+00
+84.375E+06,-44.421875000E+00
+85.938E+06,-44.472656250E+00
+87.500E+06,-44.523437500E+00
+89.063E+06,-44.574218750E+00
+90.625E+06,-44.625000000E+00
+92.188E+06,-44.675781250E+00
+93.750E+06,-44.726562500E+00
+95.313E+06,-44.777343750E+00
+96.875E+06,-44.828125000E+00
+98.438E+06,-44.878906250E+00
+100.000E+06,-44.929687500E+00
+101.563E+06,-44.980468750E+00
+103.125E+06,-45.031250000E+00
+104.688E+06,-45.082031250E+00
+106.250E+06,-45.132812500E+00
+107.813E+06,-45.183593750E+00
+109.375E+06,-45.234375000E+00
+110.938E+06,-45.285156250E+00
+112.500E+06,-45.335937500E+00
+114.063E+06,-45.386718750E+00
+115.625E+06,-45.437500000E+00
+117.188E+06,-45.488281250E+00
+118.750E+06,-45.539062500E+00
+120.313E+06,-45.589843750E+00
+121.875E+06,-45.640625000E+00
+123.438E+06,-45.691406250E+00
+125.000E+06,-45.742187500E+00
+126.563E+06,-45.550781250E+00
+128.125E+06,-45.359375000E+00
+129.688E+06,-45.167968750E+00
+131.250E+06,-44.976562500E+00
+132.813E+06,-44.785156250E+00
+134.375E+06,-44.593750000E+00
+135.938E+06,-44.402343750E+00
+137.500E+06,-44.210937500E+00
+139.063E+06,-44.019531250E+00
+140.625E+06,-43.828125000E+00
+142.188E+06,-43.636718750E+00
+143.750E+06,-43.445312500E+00
+145.313E+06,-43.253906250E+00
+146.875E+06,-43.062500000E+00
+148.438E+06,-42.871093750E+00
+150.000E+06,-42.679687500E+00
+151.563E+06,-42.488281250E+00
+153.125E+06,-42.296875000E+00
+154.688E+06,-42.105468750E+00
+156.250E+06,-41.914062500E+00
+157.813E+06,-41.722656250E+00
+159.375E+06,-41.531250000E+00
+160.938E+06,-41.339843750E+00
+162.500E+06,-41.148437500E+00
+164.063E+06,-40.957031250E+00
+165.625E+06,-40.765625000E+00
+167.188E+06,-40.574218750E+00
+168.750E+06,-40.382812500E+00
+170.313E+06,-40.191406250E+00
+171.875E+06,-40.000000000E+00
+173.438E+06,-39.808593750E+00
+175.000E+06,-39.617187500E+00
+176.563E+06,-39.425781250E+00
+178.125E+06,-39.234375000E+00
+179.688E+06,-39.042968750E+00
+181.250E+06,-38.851562500E+00
+182.813E+06,-38.660156250E+00
+184.375E+06,-38.468750000E+00
+185.938E+06,-38.277343750E+00
+187.500E+06,-38.085937500E+00
+189.063E+06,-37.943359375E+00
+190.625E+06,-37.800781250E+00
+192.188E+06,-37.658203125E+00
+193.750E+06,-37.515625000E+00
+195.313E+06,-37.373046875E+00
+196.875E+06,-37.230468750E+00
+198.438E+06,-37.087890625E+00
+200.000E+06,-36.945312500E+00
+201.563E+06,-36.802734375E+00
+203.125E+06,-36.660156250E+00
+204.688E+06,-36.517578125E+00
+206.250E+06,-36.375000000E+00
+207.813E+06,-36.232421875E+00
+209.375E+06,-36.089843750E+00
+210.938E+06,-35.947265625E+00
+212.500E+06,-35.804687500E+00
+214.063E+06,-35.662109375E+00
+215.625E+06,-35.519531250E+00
+217.188E+06,-35.376953125E+00
+218.750E+06,-35.234375000E+00
+220.313E+06,-35.091796875E+00
+221.875E+06,-34.949218750E+00
+223.438E+06,-34.806640625E+00
+225.000E+06,-34.664062500E+00
+226.563E+06,-34.521484375E+00
+228.125E+06,-34.378906250E+00
+229.688E+06,-34.236328125E+00
+231.250E+06,-34.093750000E+00
+232.813E+06,-33.951171875E+00
+234.375E+06,-33.808593750E+00
+235.938E+06,-33.666015625E+00
+237.500E+06,-33.523437500E+00
+239.063E+06,-33.380859375E+00
+240.625E+06,-33.238281250E+00
+242.188E+06,-33.095703125E+00
+243.750E+06,-32.953125000E+00
+245.313E+06,-32.810546875E+00
+246.875E+06,-32.667968750E+00
+248.438E+06,-32.525390625E+00
+250.000E+06,-32.382812500E+00
+251.563E+06,-32.294921875E+00
+253.125E+06,-32.207031250E+00
+254.688E+06,-32.119140625E+00
+256.250E+06,-32.031250000E+00
+257.813E+06,-31.943359375E+00
+259.375E+06,-31.855468750E+00
+260.938E+06,-31.767578125E+00
+262.500E+06,-31.679687500E+00
+264.063E+06,-31.591796875E+00
+265.625E+06,-31.503906250E+00
+267.188E+06,-31.416015625E+00
+268.750E+06,-31.328125000E+00
+270.313E+06,-31.240234375E+00
+271.875E+06,-31.152343750E+00
+273.438E+06,-31.064453125E+00
+275.000E+06,-30.976562500E+00
+276.563E+06,-30.888671875E+00
+278.125E+06,-30.800781250E+00
+279.688E+06,-30.712890625E+00
+281.250E+06,-30.625000000E+00
+282.813E+06,-30.537109375E+00
+284.375E+06,-30.449218750E+00
+285.938E+06,-30.361328125E+00
+287.500E+06,-30.273437500E+00
+289.063E+06,-30.185546875E+00
+290.625E+06,-30.097656250E+00
+292.188E+06,-30.009765625E+00
+293.750E+06,-29.921875000E+00
+295.313E+06,-29.833984375E+00
+296.875E+06,-29.746093750E+00
+298.438E+06,-29.658203125E+00
+300.000E+06,-29.570312500E+00
+301.563E+06,-29.482421875E+00
+303.125E+06,-29.394531250E+00
+304.688E+06,-29.306640625E+00
+306.250E+06,-29.218750000E+00
+307.813E+06,-29.130859375E+00
+309.375E+06,-29.042968750E+00
+310.938E+06,-28.955078125E+00
+312.500E+06,-28.867187500E+00
+314.063E+06,-28.816406250E+00
+315.625E+06,-28.765625000E+00
+317.188E+06,-28.714843750E+00
+318.750E+06,-28.664062500E+00
+320.313E+06,-28.613281250E+00
+321.875E+06,-28.562500000E+00
+323.438E+06,-28.511718750E+00
+325.000E+06,-28.460937500E+00
+326.563E+06,-28.410156250E+00
+328.125E+06,-28.359375000E+00
+329.688E+06,-28.308593750E+00
+331.250E+06,-28.257812500E+00
+332.813E+06,-28.207031250E+00
+334.375E+06,-28.156250000E+00
+335.938E+06,-28.105468750E+00
+337.500E+06,-28.054687500E+00
+339.063E+06,-28.003906250E+00
+340.625E+06,-27.953125000E+00
+342.188E+06,-27.902343750E+00
+343.750E+06,-27.851562500E+00
+345.313E+06,-27.800781250E+00
+346.875E+06,-27.750000000E+00
+348.438E+06,-27.699218750E+00
+350.000E+06,-27.648437500E+00
+351.563E+06,-27.597656250E+00
+353.125E+06,-27.546875000E+00
+354.688E+06,-27.496093750E+00
+356.250E+06,-27.445312500E+00
+357.813E+06,-27.394531250E+00
+359.375E+06,-27.343750000E+00
+360.938E+06,-27.292968750E+00
+362.500E+06,-27.242187500E+00
+364.063E+06,-27.191406250E+00
+365.625E+06,-27.140625000E+00
+367.188E+06,-27.089843750E+00
+368.750E+06,-27.039062500E+00
+370.313E+06,-26.988281250E+00
+371.875E+06,-26.937500000E+00
+373.438E+06,-26.886718750E+00
+375.000E+06,-26.835937500E+00
+376.563E+06,-26.816406250E+00
+378.125E+06,-26.796875000E+00
+379.688E+06,-26.777343750E+00
+381.250E+06,-26.757812500E+00
+382.813E+06,-26.738281250E+00
+384.375E+06,-26.718750000E+00
+385.938E+06,-26.699218750E+00
+387.500E+06,-26.679687500E+00
+389.063E+06,-26.660156250E+00
+390.625E+06,-26.640625000E+00
+392.188E+06,-26.621093750E+00
+393.750E+06,-26.601562500E+00
+395.313E+06,-26.582031250E+00
+396.875E+06,-26.562500000E+00
+398.438E+06,-26.542968750E+00
+400.000E+06,-26.523437500E+00
+401.563E+06,-26.503906250E+00
+403.125E+06,-26.484375000E+00
+404.688E+06,-26.464843750E+00
+406.250E+06,-26.445312500E+00
+407.813E+06,-26.425781250E+00
+409.375E+06,-26.406250000E+00
+410.938E+06,-26.386718750E+00
+412.500E+06,-26.367187500E+00
+414.063E+06,-26.347656250E+00
+415.625E+06,-26.328125000E+00
+417.188E+06,-26.308593750E+00
+418.750E+06,-26.289062500E+00
+420.313E+06,-26.269531250E+00
+421.875E+06,-26.250000000E+00
+423.438E+06,-26.230468750E+00
+425.000E+06,-26.210937500E+00
+426.563E+06,-26.191406250E+00
+428.125E+06,-26.171875000E+00
+429.688E+06,-26.152343750E+00
+431.250E+06,-26.132812500E+00
+432.813E+06,-26.113281250E+00
+434.375E+06,-26.093750000E+00
+435.938E+06,-26.074218750E+00
+437.500E+06,-26.054687500E+00
+439.063E+06,-26.063476563E+00
+440.625E+06,-26.072265625E+00
+442.188E+06,-26.081054688E+00
+443.750E+06,-26.089843750E+00
+445.313E+06,-26.098632813E+00
+446.875E+06,-26.107421875E+00
+448.438E+06,-26.116210938E+00
+450.000E+06,-26.125000000E+00
+451.563E+06,-26.133789063E+00
+453.125E+06,-26.142578125E+00
+454.688E+06,-26.151367188E+00
+456.250E+06,-26.160156250E+00
+457.813E+06,-26.168945313E+00
+459.375E+06,-26.177734375E+00
+460.938E+06,-26.186523438E+00
+462.500E+06,-26.195312500E+00
+464.063E+06,-26.204101563E+00
+465.625E+06,-26.212890625E+00
+467.188E+06,-26.221679688E+00
+468.750E+06,-26.230468750E+00
+470.313E+06,-26.239257813E+00
+471.875E+06,-26.248046875E+00
+473.438E+06,-26.256835938E+00
+475.000E+06,-26.265625000E+00
+476.563E+06,-26.274414063E+00
+478.125E+06,-26.283203125E+00
+479.688E+06,-26.291992188E+00
+481.250E+06,-26.300781250E+00
+482.813E+06,-26.309570313E+00
+484.375E+06,-26.318359375E+00
+485.938E+06,-26.327148438E+00
+487.500E+06,-26.335937500E+00
+489.063E+06,-26.344726563E+00
+490.625E+06,-26.353515625E+00
+492.188E+06,-26.362304688E+00
+493.750E+06,-26.371093750E+00
+495.313E+06,-26.379882813E+00
+496.875E+06,-26.388671875E+00
+498.438E+06,-26.397460938E+00
+500.000E+06,-26.406250000E+00
+501.563E+06,-26.442382813E+00
+503.125E+06,-26.478515625E+00
+504.688E+06,-26.514648438E+00
+506.250E+06,-26.550781250E+00
+507.813E+06,-26.586914063E+00
+509.375E+06,-26.623046875E+00
+510.938E+06,-26.659179688E+00
+512.500E+06,-26.695312500E+00
+514.063E+06,-26.731445313E+00
+515.625E+06,-26.767578125E+00
+517.188E+06,-26.803710938E+00
+518.750E+06,-26.839843750E+00
+520.313E+06,-26.875976563E+00
+521.875E+06,-26.912109375E+00
+523.438E+06,-26.948242188E+00
+525.000E+06,-26.984375000E+00
+526.563E+06,-27.020507813E+00
+528.125E+06,-27.056640625E+00
+529.688E+06,-27.092773438E+00
+531.250E+06,-27.128906250E+00
+532.813E+06,-27.165039063E+00
+534.375E+06,-27.201171875E+00
+535.938E+06,-27.237304688E+00
+537.500E+06,-27.273437500E+00
+539.063E+06,-27.309570313E+00
+540.625E+06,-27.345703125E+00
+542.188E+06,-27.381835938E+00
+543.750E+06,-27.417968750E+00
+545.313E+06,-27.454101563E+00
+546.875E+06,-27.490234375E+00
+548.438E+06,-27.526367188E+00
+550.000E+06,-27.562500000E+00
+551.563E+06,-27.598632813E+00
+553.125E+06,-27.634765625E+00
+554.688E+06,-27.670898438E+00
+556.250E+06,-27.707031250E+00
+557.813E+06,-27.743164063E+00
+559.375E+06,-27.779296875E+00
+560.938E+06,-27.815429688E+00
+562.500E+06,-27.851562500E+00
+564.063E+06,-27.917968750E+00
+565.625E+06,-27.984375000E+00
+567.188E+06,-28.050781250E+00
+568.750E+06,-28.117187500E+00
+570.313E+06,-28.183593750E+00
+571.875E+06,-28.250000000E+00
+573.438E+06,-28.316406250E+00
+575.000E+06,-28.382812500E+00
+576.563E+06,-28.449218750E+00
+578.125E+06,-28.515625000E+00
+579.688E+06,-28.582031250E+00
+581.250E+06,-28.648437500E+00
+582.813E+06,-28.714843750E+00
+584.375E+06,-28.781250000E+00
+585.938E+06,-28.847656250E+00
+587.500E+06,-28.914062500E+00
+589.063E+06,-28.980468750E+00
+590.625E+06,-29.046875000E+00
+592.188E+06,-29.113281250E+00
+593.750E+06,-29.179687500E+00
+595.313E+06,-29.246093750E+00
+596.875E+06,-29.312500000E+00
+598.438E+06,-29.378906250E+00
+600.000E+06,-29.445312500E+00
+601.563E+06,-29.511718750E+00
+603.125E+06,-29.578125000E+00
+604.688E+06,-29.644531250E+00
+606.250E+06,-29.710937500E+00
+607.813E+06,-29.777343750E+00
+609.375E+06,-29.843750000E+00
+610.938E+06,-29.910156250E+00
+612.500E+06,-29.976562500E+00
+614.063E+06,-30.042968750E+00
+615.625E+06,-30.109375000E+00
+617.188E+06,-30.175781250E+00
+618.750E+06,-30.242187500E+00
+620.313E+06,-30.308593750E+00
+621.875E+06,-30.375000000E+00
+623.438E+06,-30.441406250E+00
+625.000E+06,-30.507812500E+00
+626.563E+06,-30.611328125E+00
+628.125E+06,-30.714843750E+00
+629.688E+06,-30.818359375E+00
+631.250E+06,-30.921875000E+00
+632.813E+06,-31.025390625E+00
+634.375E+06,-31.128906250E+00
+635.938E+06,-31.232421875E+00
+637.500E+06,-31.335937500E+00
+639.063E+06,-31.439453125E+00
+640.625E+06,-31.542968750E+00
+642.188E+06,-31.646484375E+00
+643.750E+06,-31.750000000E+00
+645.313E+06,-31.853515625E+00
+646.875E+06,-31.957031250E+00
+648.438E+06,-32.060546875E+00
+650.000E+06,-32.164062500E+00
+651.563E+06,-32.267578125E+00
+653.125E+06,-32.371093750E+00
+654.688E+06,-32.474609375E+00
+656.250E+06,-32.578125000E+00
+657.813E+06,-32.681640625E+00
+659.375E+06,-32.785156250E+00
+660.938E+06,-32.888671875E+00
+662.500E+06,-32.992187500E+00
+664.063E+06,-33.095703125E+00
+665.625E+06,-33.199218750E+00
+667.188E+06,-33.302734375E+00
+668.750E+06,-33.406250000E+00
+670.313E+06,-33.509765625E+00
+671.875E+06,-33.613281250E+00
+673.438E+06,-33.716796875E+00
+675.000E+06,-33.820312500E+00
+676.563E+06,-33.923828125E+00
+678.125E+06,-34.027343750E+00
+679.688E+06,-34.130859375E+00
+681.250E+06,-34.234375000E+00
+682.813E+06,-34.337890625E+00
+684.375E+06,-34.441406250E+00
+685.938E+06,-34.544921875E+00
+687.500E+06,-34.648437500E+00
+689.063E+06,-34.803710938E+00
+690.625E+06,-34.958984375E+00
+692.188E+06,-35.114257813E+00
+693.750E+06,-35.269531250E+00
+695.313E+06,-35.424804688E+00
+696.875E+06,-35.580078125E+00
+698.438E+06,-35.735351563E+00
+700.000E+06,-35.890625000E+00
+701.563E+06,-36.045898438E+00
+703.125E+06,-36.201171875E+00
+704.688E+06,-36.356445313E+00
+706.250E+06,-36.511718750E+00
+707.813E+06,-36.666992188E+00
+709.375E+06,-36.822265625E+00
+710.938E+06,-36.977539063E+00
+712.500E+06,-37.132812500E+00
+714.063E+06,-37.288085938E+00
+715.625E+06,-37.443359375E+00
+717.188E+06,-37.598632813E+00
+718.750E+06,-37.753906250E+00
+720.313E+06,-37.909179688E+00
+721.875E+06,-38.064453125E+00
+723.438E+06,-38.219726563E+00
+725.000E+06,-38.375000000E+00
+726.563E+06,-38.530273438E+00
+728.125E+06,-38.685546875E+00
+729.688E+06,-38.840820313E+00
+731.250E+06,-38.996093750E+00
+732.813E+06,-39.151367188E+00
+734.375E+06,-39.306640625E+00
+735.938E+06,-39.461914063E+00
+737.500E+06,-39.617187500E+00
+739.063E+06,-39.772460938E+00
+740.625E+06,-39.927734375E+00
+742.188E+06,-40.083007813E+00
+743.750E+06,-40.238281250E+00
+745.313E+06,-40.393554688E+00
+746.875E+06,-40.548828125E+00
+748.438E+06,-40.704101563E+00
+750.000E+06,-40.859375000E+00
+751.563E+06,-41.115234375E+00
+753.125E+06,-41.371093750E+00
+754.688E+06,-41.626953125E+00
+756.250E+06,-41.882812500E+00
+757.813E+06,-42.138671875E+00
+759.375E+06,-42.394531250E+00
+760.938E+06,-42.650390625E+00
+762.500E+06,-42.906250000E+00
+764.063E+06,-43.162109375E+00
+765.625E+06,-43.417968750E+00
+767.188E+06,-43.673828125E+00
+768.750E+06,-43.929687500E+00
+770.313E+06,-44.185546875E+00
+771.875E+06,-44.441406250E+00
+773.438E+06,-44.697265625E+00
+775.000E+06,-44.953125000E+00
+776.563E+06,-45.208984375E+00
+778.125E+06,-45.464843750E+00
+779.688E+06,-45.720703125E+00
+781.250E+06,-45.976562500E+00
+782.813E+06,-46.232421875E+00
+784.375E+06,-46.488281250E+00
+785.938E+06,-46.744140625E+00
+787.500E+06,-47.000000000E+00
+789.063E+06,-47.255859375E+00
+790.625E+06,-47.511718750E+00
+792.188E+06,-47.767578125E+00
+793.750E+06,-48.023437500E+00
+795.313E+06,-48.279296875E+00
+796.875E+06,-48.535156250E+00
+798.438E+06,-48.791015625E+00
+800.000E+06,-49.046875000E+00
+801.563E+06,-49.302734375E+00
+803.125E+06,-49.558593750E+00
+804.688E+06,-49.814453125E+00
+806.250E+06,-50.070312500E+00
+807.813E+06,-50.326171875E+00
+809.375E+06,-50.582031250E+00
+810.938E+06,-50.837890625E+00
+812.500E+06,-51.093750000E+00
+814.063E+06,-51.628906250E+00
+815.625E+06,-52.164062500E+00
+817.188E+06,-52.699218750E+00
+818.750E+06,-53.234375000E+00
+820.313E+06,-53.769531250E+00
+821.875E+06,-54.304687500E+00
+823.438E+06,-54.839843750E+00
+825.000E+06,-55.375000000E+00
+826.563E+06,-55.910156250E+00
+828.125E+06,-56.445312500E+00
+829.688E+06,-56.980468750E+00
+831.250E+06,-57.515625000E+00
+832.813E+06,-58.050781250E+00
+834.375E+06,-58.585937500E+00
+835.938E+06,-59.121093750E+00
+837.500E+06,-59.656250000E+00
+839.063E+06,-60.191406250E+00
+840.625E+06,-60.726562500E+00
+842.188E+06,-61.261718750E+00
+843.750E+06,-61.796875000E+00
+845.313E+06,-62.332031250E+00
+846.875E+06,-62.867187500E+00
+848.438E+06,-63.402343750E+00
+850.000E+06,-63.937500000E+00
+851.563E+06,-64.472656250E+00
+853.125E+06,-65.007812500E+00
+854.688E+06,-65.542968750E+00
+856.250E+06,-66.078125000E+00
+857.813E+06,-66.613281250E+00
+859.375E+06,-67.148437500E+00
+860.938E+06,-67.683593750E+00
+862.500E+06,-68.218750000E+00
+864.063E+06,-68.753906250E+00
+865.625E+06,-69.289062500E+00
+867.188E+06,-69.824218750E+00
+868.750E+06,-70.359375000E+00
+870.313E+06,-70.894531250E+00
+871.875E+06,-71.429687500E+00
+873.438E+06,-71.964843750E+00
+875.000E+06,-72.500000000E+00
+876.563E+06,-72.200195313E+00
+878.125E+06,-71.900390625E+00
+879.688E+06,-71.600585938E+00
+881.250E+06,-71.300781250E+00
+882.813E+06,-71.000976563E+00
+884.375E+06,-70.701171875E+00
+885.938E+06,-70.401367188E+00
+887.500E+06,-70.101562500E+00
+889.063E+06,-69.801757813E+00
+890.625E+06,-69.501953125E+00
+892.188E+06,-69.202148438E+00
+893.750E+06,-68.902343750E+00
+895.313E+06,-68.602539063E+00
+896.875E+06,-68.302734375E+00
+898.438E+06,-68.002929688E+00
+900.000E+06,-67.703125000E+00
+901.563E+06,-67.403320313E+00
+903.125E+06,-67.103515625E+00
+904.688E+06,-66.803710938E+00
+906.250E+06,-66.503906250E+00
+907.813E+06,-66.204101563E+00
+909.375E+06,-65.904296875E+00
+910.938E+06,-65.604492188E+00
+912.500E+06,-65.304687500E+00
+914.063E+06,-65.004882813E+00
+915.625E+06,-64.705078125E+00
+917.188E+06,-64.405273438E+00
+918.750E+06,-64.105468750E+00
+920.313E+06,-63.805664063E+00
+921.875E+06,-63.505859375E+00
+923.438E+06,-63.206054688E+00
+925.000E+06,-62.906250000E+00
+926.563E+06,-62.606445313E+00
+928.125E+06,-62.306640625E+00
+929.688E+06,-62.006835938E+00
+931.250E+06,-61.707031250E+00
+932.813E+06,-61.407226563E+00
+934.375E+06,-61.107421875E+00
+935.938E+06,-60.807617188E+00
+937.500E+06,-60.507812500E+00
+939.063E+06,-60.563476563E+00
+940.625E+06,-60.619140625E+00
+942.188E+06,-60.674804688E+00
+943.750E+06,-60.730468750E+00
+945.313E+06,-60.786132813E+00
+946.875E+06,-60.841796875E+00
+948.438E+06,-60.897460938E+00
+950.000E+06,-60.953125000E+00
+951.563E+06,-61.008789063E+00
+953.125E+06,-61.064453125E+00
+954.688E+06,-61.120117188E+00
+956.250E+06,-61.175781250E+00
+957.813E+06,-61.231445313E+00
+959.375E+06,-61.287109375E+00
+960.938E+06,-61.342773438E+00
+962.500E+06,-61.398437500E+00
+964.063E+06,-61.454101563E+00
+965.625E+06,-61.509765625E+00
+967.188E+06,-61.565429688E+00
+968.750E+06,-61.621093750E+00
+970.313E+06,-61.676757813E+00
+971.875E+06,-61.732421875E+00
+973.438E+06,-61.788085938E+00
+975.000E+06,-61.843750000E+00
+976.563E+06,-61.899414063E+00
+978.125E+06,-61.955078125E+00
+979.688E+06,-62.010742188E+00
+981.250E+06,-62.066406250E+00
+982.813E+06,-62.122070313E+00
+984.375E+06,-62.177734375E+00
+985.938E+06,-62.233398438E+00
+987.500E+06,-62.289062500E+00
+989.063E+06,-62.344726563E+00
+990.625E+06,-62.400390625E+00
+992.188E+06,-62.456054688E+00
+993.750E+06,-62.511718750E+00
+995.313E+06,-62.567382813E+00
+996.875E+06,-62.623046875E+00
+998.438E+06,-62.678710938E+00
